<!-- [ Mirror metadata ] generatedAt: 1463139635796 -->
<!-- Generated screen file. Fill the id tags below with content with
which to populate your previewed layout. For a complete specification
of sample data, please see http://jimulabs.com/sample-data-specifications/ 

Valid attributes on <screen> tag: theme="@style/someTheme" inEditMode="false" overlay="@drawable/mockup" -->
<screen>
    <_content layout="@layout/fragment_order_list">
        <!-- TextView Examples:
        <order_list_stationName text="@string/string_resource" />
        <order_list_stationName text="Text literal" textSize="14sp" /> -->
        <order_list_stationName />
        <order_list_gasType />
        <order_list_gasNumber />
        <order_list_price />
        <order_list_goStation />
        <order_list_callStation />
    </_content>
</screen>
