<!-- [ Mirror metadata ] generatedAt: 1463139635800 -->
<!-- Generated screen file. Fill the id tags below with content with
which to populate your previewed layout. For a complete specification
of sample data, please see http://jimulabs.com/sample-data-specifications/ 

Valid attributes on <screen> tag: theme="@style/someTheme" inEditMode="false" overlay="@drawable/mockup" -->
<screen>
    <_content layout="@layout/fragment_sumbit_indent">
        <!-- ImageView Examples:
        <sumbitIndent_gasStation_ImageView src="@drawable/image_resource" />
        <sumbitIndent_gasStation_ImageView src="relative_path/image.jpg" /> -->
        <sumbitIndent_gasStation_ImageView />
        <sumbitIndent_selectOilType>
            <items layout="@android:layout/simple_spinner_item" >
                <_item>
                    <text1>Vancouver</text1>
                </_item>
                <_item>
                    <text1>Cairo</text1>
                </_item>
                <_item>
                    <text1>New York</text1>
                </_item>
                <_item>
                    <text1>San Francisco</text1>
                </_item>
                <_item>
                    <text1>Seattle</text1>
                </_item>
                <_item>
                    <text1>Hong Kong</text1>
                </_item>
                <_item>
                    <text1>Tokyo</text1>
                </_item>
            </items>
                </sumbitIndent_selectOilType>
        <!-- TextView Examples:
        <sumbitIndent_oil_Price text="@string/string_resource" />
        <sumbitIndent_oil_Price text="Text literal" textSize="14sp" /> -->
        <sumbitIndent_oil_Price />
    </_content>
</screen>
