<!-- [ Mirror metadata ] generatedAt: 1463139635809 -->
<!-- Generated screen file. Fill the id tags below with content with
which to populate your previewed layout. For a complete specification
of sample data, please see http://jimulabs.com/sample-data-specifications/ 

Valid attributes on <screen> tag: theme="@style/someTheme" inEditMode="false" overlay="@drawable/mockup" -->
<screen>
    <_content layout="@layout/fragment_user_info">
        <!-- TextView Examples:
        <userInfo_username text="@string/string_resource" />
        <userInfo_username text="Text literal" textSize="14sp" /> -->
        <userInfo_username />
        <userInfo_useraccount />
        <userInfo_userRealName />
        <userInfo_usercarNumber />
        <userInfo_userPhone />
        <userInfo_userdersaPhone />
    </_content>
</screen>
