<!-- [ Mirror metadata ] generatedAt: 1463139635825 -->
<!-- Generated screen file. Fill the id tags below with content with
which to populate your previewed layout. For a complete specification
of sample data, please see http://jimulabs.com/sample-data-specifications/ 

Valid attributes on <screen> tag: theme="@style/someTheme" inEditMode="false" overlay="@drawable/mockup" -->
<screen>
    <_content layout="@layout/item_music">
        <!-- ImageView Examples:
        <music_item_img src="@drawable/image_resource" />
        <music_item_img src="relative_path/image.jpg" /> -->
        <music_item_img />
        <!-- TextView Examples:
        <textview_music_name text="@string/string_resource" />
        <textview_music_name text="Text literal" textSize="14sp" /> -->
        <textview_music_name />
        <tv_music_auther />
    </_content>
</screen>
